APELLIDO;NOMBRE;CLUB;POSICION;VALOR
Acevedo; Walter;Banfield;VOL;4400000
Achucarro; David;Boca;DEF;600000
Achucarro; Jorge;Banfield;DEL;4500000
Acosta; Joel;Boca;DEL;500000
Acosta; Ricardo;Unión;VOL;1200000
Aguerre; Alan;Vélez;ARQ;300000
Aguilar; Pablo César;Arsenal;DEF;4000000
Aguilera; Emanuel;Godoy Cruz;DEF;1200000
Aguirre; Gastón;San Lorenzo;DEF;3700000
Aguirre; Marcos;San Martín SJ;VOL;3700000
Aguirre; Nicolás;Arsenal;VOL;2000000
Alario; Lucas;Colón;DEL;500000
Albil; Damián;Estudiantes;ARQ;3000000
Almerares; Federico;Belgrano;DEL;2800000
Almirón; Sergio;Newell's;DEL;2800000
Alvarado; Pablo;San Lorenzo;VOL;1800000
Alvarez; Cristian;San Martín SJ;VOL;3200000
Amerise; Nicolás;Unión;DEL;1000000
Andrada; Esteban;Lanús;ARQ;900000
Antoniazzi; Martín;Unión;DEF;300000
Aquino; Arturo David;Olimpo;DEF;2000000
Aquino; Víctor;Newell's;DEL;2800000
Araujo; Carlos;Lanús;DEF;3000000
Araujo; Sergio;Boca;DEL;2000000
Arce; Ignacio;Unión;ARQ;900000
Ardente; Luis;San Martín SJ;ARQ;2500000
Argachá; Adrián;Independiente;DEF;2000000
Arias; Gabriel;Olimpo;ARQ;600000
Arzura; Joaquín;Tigre;VOL;300000
Assmann; Fabián;Independiente;ARQ;4000000
Aued; Luciano;Racing;VOL;4000000
Auzqui; Carlos;Estudiantes;DEL;1000000
Auzqui; Diego;Estudiantes;VOL;1200000
Aveldaño; Lucas;Racing;DEF;3700000
Avendaño; Juan;Unión;DEF;3200000
Ayala; Néstor;San Martín SJ;DEL;3800000
Báez; Cristian;Independiente;DEF;1500000
Bailo; Andrés;Colón;ARQ;700000
Balbi; Luciano;Lanús;DEF;2800000
Bárbaro; Alejandro;Banfield;VOL;1600000
Barceló; Guido;Godoy Cruz;DEL;1100000
Barcia; Ignacio;Independiente;DEF;800000
Bareiro; Néstor;Olimpo;DEL;4100000
Bargas; Hugo;All Boys;DEL;2000000
Barisone; Diego;Unión;DEF;800000
Barovero; Marcelo;Vélez;ARQ;6000000
Barrales; Jerónimo;Unión;DEL;3200000
Barraza; Julio;Colón;DEF;2500000
Barrera; Leandro;Argentinos;DEL;600000
Barrientos; Fernando;Lanús;VOL;400000
Barrientos; Hugo;All Boys;VOL;3500000
Barrios; Pier Miqueas;Belgrano;DEF;1100000
Barzola; Pablo;Argentinos;DEF;3000000
Bastía; Adrián;Colón;VOL;3700000
Basualdo; Germán;Argentinos;VOL;2400000
Batista; Matías;All Boys;DEF;300000
Battaglia; Sebastián;Boca;VOL;5000000
Battión; Roberto;Independiente;VOL;4200000
Bauchet; Nicolás;Banfield;DEL;400000
Bazán; Gonzalo;San Lorenzo;VOL;2600000
Bella; Iván;Vélez;VOL;3400000
Benedetto; Darío;Arsenal;DEL;2100000
Benítez; Leandro Damián;Estudiantes;VOL;5100000
Benítez; Marcos;Newell's;DEF;500000
Benítez; Nahuel;San Lorenzo;DEL;900000
Benítez; Nelson;Estudiantes;DEF;3000000
Benítez; Oscar;Lanús;VOL;300000
Berardo; Nicolás;Argentinos;DEF;2400000
Bernardi; Lucas;Newell's;VOL;4500000
Bianchi Arce; Nicolás;San Lorenzo;DEF;4000000
Bittolo; Mariano Ezequiel;Vélez;DEF;1000000
Blanco Leschuk; Gustavo;Arsenal;DEL;2500000
Blandi; Nicolás;Boca;DEL;2800000
Blengio; Juan Carlos;Tigre;DEF;3800000
Bogado; Mauro;San Martín SJ;VOL;2700000
Bologna; Enrique;Unión;ARQ;4500000
Bonomo; Luciano;Estudiantes;DEF;400000
Boselli; Mauro;Estudiantes;DEL;9000000
Botta; Rubén;Tigre;VOL;3000000
Bottinelli; Jonathan;San Lorenzo;DEF;5100000
Bozzoni; Gonzalo;San Lorenzo;DEF;1600000
Braghieri; Diego ;Lanús;DEF;2500000
Braña; Rodrigo;Estudiantes;VOL;5200000
Broggi; Ariel;Banfield;DEF;2300000
Brum; Roberto;Argentinos;VOL;3000000
Bruna; Nicolás;Unión;VOL;2300000
Burdisso; Guillermo;Arsenal;DEF;4200000
Burrai; Javier;Arsenal;ARQ;300000
Busse; Walter;Independiente;VOL;3100000
Bustamante; Marcelo;Banfield;DEF;3500000
Bustos; Maximiliano;San Martín SJ;VOL;2800000
Cabral; Alejandro;Vélez;VOL;3000000
Cabrera; Gonzalo;Godoy Cruz;VOL;2000000
Cabrera; Nicolás;Independiente;VOL;4000000
Cabrera; Rafael;San Lorenzo;VOL;300000
Cáceres; Germán;Rafaela;VOL;2900000
Cáceres; Marcos;Racing;DEF;4000000
Cáceres; Samuel;Independiente;DEF;900000
Caffa; Juan Pablo;Arsenal;VOL;3900000
Cafferatti; Leonel;Racing;ARQ;300000
Cahais; Matías;Racing;DEF;4000000
Caire; Maximiliano;Colón;DEF;1800000
Camacho; Néstor;Newell's;VOL;3200000
Camargo; Alejandro;Godoy Cruz;VOL;1600000
Cambiasso; Nicolás;All Boys;ARQ;4600000
Camoranesi; Mauro;Lanús;VOL;6100000
Campestrini; Cristian;Arsenal;ARQ;5300000
Candia; Salustiano;Colón;DEF;2800000
Cantero; Pablo;San Martín SJ;VOL;2000000
Canteros; Héctor;Vélez;VOL;2900000
Canuto; Damián;San Martín SJ;VOL;1200000
Capellino; Nicolás;Rafaela;DEL;1000000
Caprari; Gastón;San Martín SJ;DEL;2100000
Caprio; Nicolás;Unión;ARQ;600000
Carabajal; Matías;San Martín SJ;VOL;2500000
Caranta; Mauricio;Lanús;ARQ;4400000
Carbonero; Carlos;Estudiantes;VOL;3000000
Carboni; Ezequiel;Banfield;VOL;4200000
Cárdenas; Juan Pablo;Unión;DEF;3000000
Carmona; Giancarlo;San Lorenzo;DEF;3900000
Carniello; Oscar;Rafaela;DEF;2800000
Carranza; César;Lanús;DEL;4500000
Carranza; Jorge;Rafaela;ARQ;1800000
Carrasco; Javier;Tigre;VOL;1500000
Carrera; Sebastián;Rafaela;VOL;4200000
Carrillo; Guido;Estudiantes;DEL;1200000
Carrusca; Marcelo;San Martín SJ;VOL;4100000
Caruso; Leandro;Godoy Cruz;DEL;4000000
Caruzzo; Matías;Boca;DEF;4700000
Casais; Eduardo;Olimpo;DEF;3100000
Castaño; Diego;Tigre;VOL;4500000
Casteglione; Carlos;Tigre;DEF;3900000
Castillo; Jairo;Independiente;DEL;4000000
Castillón; Facundo;Godoy Cruz;DEL;2300000
Castro; Lucas;Racing;VOL;4000000
Castro; Nicolás;Rafaela;VOL;2800000
Ceballos; Lucas;Godoy Cruz;DEF;1500000
Cellay; Cristian;Estudiantes;DEF;4300000
Cellerino; Gastón;Racing;VOL;2300000
Cepeda; Christian;Arsenal;DEF;500000
Cerro; Francisco;Vélez;VOL;3900000
Champagne; Nereo;San Lorenzo;ARQ;2000000
Chávez; Christian;San Lorenzo;DEL;3500000
Chávez; Cristian;Boca;VOL;4200000
Chevantón; Javier;Colón;DEL;4300000
Clara; Gino;Independiente;DEL;3000000
Cobo; Juan Manuel;Arsenal;VOL;3000000
Colazo; Nicolás;Boca;VOL;3200000
Colombatti; Gabriel;Racing;DEF;400000
Colombini; Ignacio;Racing;DEL;600000
Cooper; Armando;Godoy Cruz;VOL;2200000
Córdoba; Jherson;Rafaela;VOL;3000000
Coria; Facundo;Estudiantes;VOL;4800000
Coronel; Maximiliano;All Boys;DEF;1500000
Correa; Jorge Iván;Vélez;VOL;400000
Correa; Nicolás;Unión;DEF;2500000
Corti; Leonardo;San Martín SJ;ARQ;1000000
Costa; Tomás;Colón;VOL;3900000
Cousillas; Agustín;Tigre;ARQ;500000
Cubero; Fabián;Vélez;VOL;4400000
Cuesta; Víctor;Arsenal;DEF;1600000
Curbelo; Jorge;Godoy Cruz;DEF;3700000
Curuchet; Facundo;Colón;DEL;800000
Cvitanich; Darío;Boca;DEL;6800000
D'Angelo; Sebastián;Boca;ARQ;500000
Damonte; Israel;Godoy Cruz;VOL;3100000
De Olivera; Jorge;Racing;ARQ;3500000
De Souza; Diego;Banfield;VOL;3300000
Defederico; Matías;Independiente;DEL;4700000
Delfino; Alejandro;Banfield;DEF;1900000
Delmonte; Nicolás;Independiente;DEL;800000
Desábato; Leandro;Estudiantes;DEF;5400000
Desábato; Leandro Luis;Vélez;VOL;600000
Devaca; José;Banfield;DEF;1800000
Di Grazia; Lucas;All Boys;ARQ;400000
Di Gregorio; Matías;Rafaela;DEF;1500000
Díaz; Cristian;Newell's;VOL;2900000
Díaz; Gabriel;Olimpo;DEF;1000000
Díaz; Gastón;Vélez;DEF;3600000
Díaz; Gastón;Tigre;VOL;2000000
Díaz; Leandro;Lanús;DEL;2800000
Díaz; Marcos;Colón;ARQ;1200000
Dobler; Mauro;Racing;ARQ;600000
Domínguez; Eduardo;All Boys;DEF;4600000
Domínguez; Sebastián;Vélez;DEF;5000000
Dos Santos; Mauro;Banfield;DEF;3600000
Dutari; Francisco;Rafaela;DEF;2800000
Echeverría; Mariano;Tigre;DEF;4800000
Eluchans; Juan;Banfield;VOL;3600000
Erbes; Cristian;Boca;VOL;2500000
Erramuspe; Rodrigo;Unión;DEF;2600000
Erviti; Walter;Boca;VOL;8500000
Escalante; Matías;All Boys;VOL;300000
Escobar; Matías;Tigre;VOL;2700000
Escudero; Sergio;Argentinos;DEF;3500000
Esmerado; Gastón;Arsenal;VOL;2700000
Espinoza; Gonzalo;Racing;VOL;2500000
Etevenaux; Iván;Belgrano;VOL;1000000
Faccioli; Emir;Olimpo;DEF;3500000
Falcón; Juan Carlos;Godoy Cruz;VOL;3000000
Falcone; Federico;Newell's;DEL;1800000
Faravelli; Lorenzo;Newell's;VOL;1100000
Fariña; Luis Carlos;Racing;VOL;1500000
Farré; Guillermo;Belgrano;VOL;2600000
Fernández; Alexis;Unión;VOL;1800000
Fernández; Augusto;Vélez;VOL;5200000
Fernández; Gastón;Estudiantes;DEL;7900000
Fernández; José Luis;Estudiantes;VOL;4100000
Fernández; Juan;Rafaela;DEF;3200000
Fernández; Julián;Rafaela;DEF;1600000
Fernández; Mauro;Estudiantes;DEL;2300000
Fernández; Nereo;Argentinos;ARQ;2300000
Ferragutti; Guillermo;Newell's;DEF;1200000
Ferrari; Jonathan;San Lorenzo;DEF;2900000
Ferreira; Brian;Vélez;VOL;400000
Ferreyra; Facundo;Banfield;DEL;4500000
Ferreyra; Juan Carlos;All Boys;DEL;3700000
Ferreyra; Juan Pablo;Banfield;ARQ;600000
Ferreyra; Osmar;Independiente;VOL;4500000
Fideleff; Ignacio;Newell's;DEF;2900000
Figueroa; Tobías;Belgrano;DEL;600000
Figueroa; Víctor;Newell's;VOL;4100000
Fissore; Matías;Rafaela;VOL;1700000
Fogst; Santiago;Colón;DEF;2000000
Fontanini; Fabricio;Rafaela;DEF;3200000
Franco; Guillermo;Vélez;DEL;4600000
Franco; Guillermo;Godoy Cruz;DEF;1800000
Franzoia; Andrés;Olimpo;DEL;3500000
Fredes; Hernán;Independiente;VOL;4000000
Freire; Federico;Vélez;VOL;400000
Fritzler; Matías;Lanús;VOL;4600000
Ftacla; Diego;Tigre;DEL;600000
Fuentes; Diego;All Boys;DEF;300000
Fuertes; Esteban;Colón;DEL;8400000
Furch; Julio;Olimpo;DEL;2700000
Gabbarini; Adrián;Independiente;ARQ;4000000
Gaitán; Walter;Rafaela;VOL;4700000
Galarza; Marcos;San Martín SJ;DEF;1900000
Galeano; Leonel;Independiente;DEF;4300000
Galmarini; Martín;Tigre;VOL;3300000
Galván; Diego;Estudiantes;VOL;3700000
Gandín; Darío;Rafaela;DEL;4800000
Gaona Lugo; Orlando;Boca;DEL;1000000
Garcé; Ariel;Colón;DEF;4200000
García; Diego;San Martín SJ;DEL;2000000
García; Gonzalo;Racing;DEF;2000000
García; Javier;Tigre;ARQ;3700000
García; Zelmar;Godoy Cruz;DEF;2900000
Gerlo; Danilo;Arsenal;DEF;3800000
Gigliotti; Emmanuel;San Lorenzo;DEL;4500000
Giménez; Matías;Boca;VOL;3500000
Gissi; Dylan;Estudiantes;DEF;400000
Godoy; Fernando;Independiente;VOL;2000000
Goltz; Paolo Duval;Lanús;DEF;4900000
Gómez; Jonatan;Banfield;VOL;4000000
González; Adrián;Arsenal;DEF;4000000
González; Cristian;Newell's;DEL;400000
González; Diego;Lanús;VOL;2300000
González; Esteban;Belgrano;VOL;4500000
González; Federico;Rafaela;DEL;3700000
González; Fernando;Belgrano;DEF;900000
González; Leandro;Colón;DEL;3000000
González; Mariano ;Estudiantes;VOL;5900000
González; Sebastián;San Lorenzo;VOL;2500000
Grabinski; Cristian;San Martín SJ;DEF;3500000
Gracián; Leandro;Boca;VOL;4000000
Graciani; Gabriel;Colón;VOL;1000000
Graf; Claudio;San Martín SJ;DEL;3500000
Grana; Hernán;Belgrano;DEF;3300000
Grassi; Franco;Banfield;ARQ;300000
Guillermo Rojas; Julián;Banfield;VOL;600000
Guruceaga; Gastón;Newell's;DEF;600000
Gutiérrez; Fernando;San Lorenzo;VOL;600000
Gutiérrez; Teófilo;Racing;DEL;7900000
Guzmán; Nahuel;Newell's;ARQ;1000000
Hauche; Gabriel;Racing;DEL;7300000
Henneberg; Carlos;Lanús;DEL;300000
Heredia; Juan Pablo;Belgrano;ARQ;500000
Hernández; Emilio;Argentinos;VOL;3300000
Hernández; Pablo;Argentinos;VOL;2800000
Higuaín; Federico;Colón;DEL;4500000
Hoyos; Lucas;Newell's;ARQ;600000
Hoyos; Michael;Estudiantes;VOL;2800000
Hurtado; Jefferson;Argentinos;DEF;2500000
Ibáñez; Matías;Olimpo;ARQ;1500000
Ibáñez; Nelson;Godoy Cruz;ARQ;3900000
Iberbia; Raúl;Estudiantes;DEF;3200000
Imbert; Juan Martín;Boca;DEL;400000
Insaurralde; Juan Manuel;Boca;DEF;5000000
Iriarte; Hugo;Rafaela;DEF;2000000
Islas; Daniel;Tigre;ARQ;4300000
Itabel; Kevin Fabián;Tigre;VOL;500000
Izquierdoz; Carlos;Lanús;DEF;3000000
Jara; Leonardo;Estudiantes;VOL;1400000
Jerez; Pablo;Olimpo;DEF;2800000
Juárez; Iván;Rafaela;VOL;3100000
Kalinski; Enzo;San Lorenzo;VOL;3700000
Kruspzky; Lucas;Independiente;DEF;800000
Kummer; Luciano;Colón;DEF;500000
Laba; Matías;Argentinos;VOL;2200000
Ladino; Santiago;Banfield;DEF;2500000
Lagrutta; Luis;Rafaela;VOL;1300000
Lamanna; César;San Lorenzo;DEL;1900000
Lanaro; Franco;Tigre;DEL;400000
Landa; Lucas;San Martín SJ;DEF;2100000
Laso; Joaquín;Tigre;DEF;300000
Laso; Maximiliano;Banfield;VOL;2700000
Ledesma; Cristian;Colón;VOL;4000000
Ledesma; Eduardo;Lanús;VOL;3700000
Leguizamón; Leandro;Tigre;DEL;1200000
Leguizamón; Luciano;Arsenal;DEL;4900000
Lema; Cristian;Tigre;DEF;1700000
Lembo; Alejandro;Belgrano;DEF;3400000
Leone; Ramiro;Tigre;VOL;3900000
Lesman; Germán;Colón;DEL;1600000
Leyenda; Bernardo;All Boys;ARQ;1500000
Licht; Lucas;Racing;DEF;4300000
Lima; Pablo;Colón;DEF;3800000
Limia; Alejandro;Unión;ARQ;3300000
Litre; Marcos;Olimpo;DEL;1300000
Lluy; Braian;Racing;DEF;2500000
Lollo; Luciano;Belgrano;DEF;2800000
López; Hernán Rodrigo;Banfield;DEL;4800000
López; Lisandro;Arsenal;DEF;5600000
López; Nicolás;Rafaela;DEL;2700000
López; Sergio;Godoy Cruz;VOL;2000000
López; Víctor;Banfield;DEF;5000000
López; Víctor David;All Boys;VOL;600000
Lucchetti; Cristian;Banfield;ARQ;4600000
Lucero; Adrián;Olimpo;VOL;3000000
Luciatti; Abel;San Lorenzo;DEF;400000
Lugo; Rodrigo;Argentinos;ARQ;300000
Lugüercio; Pablo;Racing;DEL;5200000
Luna; Carlos;Tigre;DEL;5000000
Luna; Sebastián;San Lorenzo;DEF;2800000
Luque; Carlos;Colón;DEL;1800000
Machuca; Alexis;Newell's;DEF;2400000
Maciel; Gerardo;Banfield;VOL;400000
Maggiolo; Ezequiel;Tigre;DEL;4200000
Magnín; Pablo;Unión;DEL;900000
Maidana; Mauro;Unión;DEF;1800000
Maldonado; Juan Carlos;Belgrano;VOL;2700000
Mancinelli; Lucas;Lanús;DEF;1900000
Mancuello; Federico;Belgrano;VOL;3000000
Mansanelli; César;Belgrano;VOL;2800000
Marchesín; Agustín;Lanús;ARQ;4700000
Marcone; Iván;Arsenal;VOL;3200000
Marín; Leandro Lucas;Boca;DEF;600000
Martínez; Adrián;San Lorenzo;DEF;600000
Martínez; Diego;San Lorenzo;DEL;2800000
Martínez; Francisco;All Boys;DEF;600000
Martínez; Juan Manuel;Vélez;DEL;13000000
Martínez; Matías;Racing;DEF;4800000
Martínez; Nicolás;Tigre;DEF;1300000
Martínez; Román;Tigre;VOL;5000000
Mas; Emmanuel;San Martín SJ;DEF;2300000
Mastrolía; Ezequiel;San Lorenzo;ARQ;300000
Mateo; Diego;Newell's;VOL;3800000
Matheu; Carlos;Independiente;DEF;4700000
Matos; Mauro;All Boys;DEL;4500000
Mattia; Francisco;San Martín SJ;DEF;1500000
Mauri; Juan Alberto;Olimpo;VOL;700000
Melano; Lucas;Belgrano;DEL;300000
Méndez; Gabriel;San Lorenzo;DEL;3300000
Méndez; Jesús;Boca;VOL;3000000
Menéndez; Gonzalo;Arsenal;DEF;800000
Menossi; Lucas;Tigre;VOL;400000
Menseguez; Juan Carlos;San Lorenzo;DEL;5000000
Mercado; Gabriel;Estudiantes;DEF;5900000
Meza; Fernando;San Lorenzo;DEF;2900000
Migliore; Pablo;San Lorenzo;ARQ;5000000
Miguez; Pablo;Unión;VOL;2800000
Milito; Gabriel;Independiente;DEF;5800000
Millán; Nicolás;Tigre;DEL;1000000
Miranda; Pablo;Godoy Cruz;DEL;1800000
Montero; Fausto;Unión;VOL;3000000
Montero; Maximiliano;Tigre;DEF;2300000
Montoya; Marcelo;Vélez;ARQ;4100000
Morales; Diego;Tigre;VOL;5100000
Morales; Juan José;Argentinos;DEL;3000000
Moreno y Fabianesi; Iván;Colón;VOL;5500000
Moreno; Emanuel;Unión;VOL;1000000
Moreno; Giovanni;Racing;VOL;9300000
Mosca; Claudio;Arsenal;VOL;3000000
Mouche; Pablo;Boca;DEL;5200000
Moyano; Gabriel Oscar;Godoy Cruz;VOL;600000
Moyano; Sebastián;Godoy Cruz;ARQ;400000
Mugni; Lucas;Colón;VOL;600000
Musto; Damián;Olimpo;VOL;3000000
Navarro; Alvaro;Godoy Cruz;DEL;3500000
Navarro; Hilario;Independiente;ARQ;6300000
Navarro; Leandro;San Lorenzo;VOL;400000
Neira; Juan;Lanús;VOL;4300000
Nervo; Hugo Martín;Arsenal;DEF;3000000
Nieva; Brian;Independiente;DEL;800000
Niz; Alexis;Rafaela;DEF;800000
Noir; Ricardo;Newell's;DEL;2500000
Núñez; Fabricio;Unión;DEL;2700000
Núñez; Leonel;Independiente;DEL;4700000
Núñez; Maximiliano;San Martín SJ;VOL;3000000
Oberman; Gustavo;Argentinos;DEL;3000000
Obolo; Mauro Iván;Arsenal;DEL;8100000
Ojeda; Luis;Argentinos;ARQ;3000000
Olave; Juan Carlos;Belgrano;ARQ;3600000
Olivera; Emanuel;Vélez;DEF;900000
Olmedo; Nicolás;Godoy Cruz;VOL;4500000
Orban; Lucas;Tigre;DEF;1500000
Orcellet; Catriel;Arsenal;ARQ;1500000
Orion; Agustín;Boca;ARQ;5800000
Ortigoza; Néstor;San Lorenzo;VOL;8500000
Ortiz; Fernando;Vélez;DEF;5000000
Ortiz; Jorge;Arsenal;VOL;4300000
Oviedo; Lucas;San Martín SJ;VOL;2000000
Pacheco; Jonathan;San Lorenzo;VOL;500000
Padilla; Hugo;Belgrano;DEF;500000
Palavecino; Matías;Olimpo;DEF;1300000
Palomino; José Luis;San Lorenzo;DEF;2500000
Panceri; Armando;All Boys;DEF;1600000
Papa; Emiliano;Vélez;DEF;5200000
Paparatto; Norberto;Tigre;DEF;2900000
Paredes; Leandro;Boca;DEL;500000
Parodi; Lucas;Belgrano;VOL;600000
Parra; Facundo;Independiente;DEL;7000000
Parrino; Elian;Estudiantes;DEF;1900000
Pavetti; Pablo;Rafaela;VOL;800000
Pavlovich; Nicolás;Olimpo;DEL;4000000
Pavone; Mariano;Lanús;DEL;8000000
Pedrozo; Fabricio;San Lorenzo;DEL;700000
Pellegrino; Maximiliano;Colón;DEF;4400000
Pellerano; Cristian;Independiente;VOL;3700000
Pellerano; Hernán;Newell's;DEF;4500000
Pelletieri; Agustín;Racing;VOL;4800000
Penco; Sebastián;San Martín SJ;DEL;3800000
Pepe; Rodrigo;Banfield;VOL;1900000
Peratta; Sebastián;Newell's;ARQ;5900000
Perea; Emanuel;All Boys;VOL;2000000
Pereyra; César;Belgrano;DEL;3900000
Pereyra; Hernán;Banfield;VOL;500000
Pereyra; Juan Pablo;Unión;DEL;4000000
Pereyra; Mauricio;Lanús;VOL;3800000
Pérez García; Matías;All Boys;VOL;3400000
Pérez Guedes; Martín;Olimpo;VOL;1900000
Pérez Tarifa; Gabriel;Argentinos;DEL;1500000
Pérez; Alejandro;Unión;DEF;1800000
Pérez; Claudio;Belgrano;DEF;2700000
Pérez; Damián Alfredo;Arsenal;DEF;2700000
Pérez; Jorge Iván;Independiente;VOL;1800000
Pérez; Leonel Marcos;Newell's;VOL;400000
Pérez; Marco;Independiente;DEL;5100000
Pérez; Pablo;Newell's;VOL;2900000
Pérez; Patricio;All Boys;VOL;2800000
Peruzzi; Gino;Vélez;DEF;400000
Pezzella; Bruno;Belgrano;VOL;1000000
Pietkiewitz; Leonel;Rafaela;VOL;600000
Pillud; Iván;Racing;DEF;5200000
Pinto; Marcos;Lanús;DEF;300000
Pío; Emanuel;Tigre;VOL;2400000
Pistone; Federico;Argentinos;DEF;800000
Pizarro; Guido;Lanús;VOL;5100000
Pocrnjic; Luciano;San Martín SJ;ARQ;2900000
Poggi; Federico;San Martín SJ;VOL;3700000
Pozo; Diego;Colón;ARQ;5000000
Prediger; Sebastián;Colón;VOL;4300000
Prol; Mauricio;All Boys;VOL;800000
Prósperi; Gonzalo;Argentinos;DEF;4200000
Quilez; Ismael;Colón;DEF;3200000
Quintana; Carlos;Lanús;DEF;2000000
Quinteros; Marcelo;Banfield;VOL;3600000
Quinteros; Ronald;Unión;VOL;3000000
Quiroga; Facundo;All Boys;DEF;3700000
Quiroga; Juan;Belgrano;DEF;3200000
Quiroga; Matías;Unión;DEL;3900000
Quiroga; Raúl;San Martín SJ;VOL;1000000
Raldes; Ronald;Colón;DEF;3800000
Ramírez; Alfredo;Colón;VOL;2600000
Ramírez; David;Vélez;VOL;8600000
Ramírez; Jonathan;Vélez;DEL;2000000
Ramírez; Juan Edgardo;Argentinos;VOL;700000
Ramírez; Julio Gonzalo;San Lorenzo;VOL;800000
Ramírez; Rubén;Godoy Cruz;DEL;6300000
Razzotti; Franco;Vélez;VOL;4000000
Ré; Germán;Estudiantes;DEF;4700000
Regueiro; Mario;Lanús;VOL;5300000
Rescaldani; Ezequiel;Vélez;DEL;500000
Respuela; Juan Cruz;Racing;VOL;1000000
Reynoso; Salvador;San Lorenzo;VOL;2300000
Rigamonti; César;Belgrano;ARQ;800000
Rigoni; Emiliano;Belgrano;VOL;300000
Ríos; Leonel;Olimpo;VOL;4000000
Riquelme; Juan Román;Boca;VOL;9500000
Rius; Ciro;Argentinos;DEL;2700000
Rivero; Diego;Boca;VOL;4600000
Riveros; Marcos;Newell's;VOL;3000000
Roberval; Emison;San Martín SJ;DEL;2300000
Roda; Leonardo;San Martín SJ;DEL;1900000
Rodales; Andrés;Tigre;DEF;3200000
Rodríguez Rojas; Germán;Rafaela;VOL;600000
Rodríguez; Clemente;Boca;DEF;4800000
Rodríguez; Diego;Independiente;ARQ;800000
Rodríguez; Gonzalo;Argentinos;DEL;300000
Rodríguez; Juan Pablo;All Boys;VOL;3900000
Rodríguez; Lucas;Argentinos;DEF;600000
Rodríguez; Patricio;Independiente;VOL;5000000
Rodríguez; Ribair;Belgrano;VOL;3300000
Rojas; Ariel;Godoy Cruz;VOL;4400000
Rolle; Martín;Olimpo;VOL;4200000
Romagnoli; Leandro;San Lorenzo;VOL;5800000
Romeo; Bernardo;San Lorenzo;DEL;3100000
Romero; Andrés;Argentinos;DEL;1500000
Romero; Emiliano;Olimpo;DEL;2100000
Romero; Jonatan;Tigre;DEF;400000
Romero; Silvio;Lanús;DEL;5100000
Roncaglia; Facundo;Boca;DEF;4100000
Rosada; Ariel;Olimpo;VOL;3800000
Rosales; Pablo;Estudiantes;DEF;400000
Rosales; Paulo;Unión;VOL;3000000
Rúdisi; Pablo;Belgrano;DEF;700000
Rudler; Matias Ezequiel;All Boys;VOL;500000
Rui; Henry;All Boys;DEL;400000
Ruiz; Enzo Adrián;Boca;DEF;900000
Ruiz; Pablo;Godoy Cruz;DEL;1500000
Russo; Roberto;Godoy Cruz;DEF;3300000
Saavedra; Raúl;San Martín SJ;DEF;3000000
Sabia; Juan;Argentinos;DEF;3900000
Sacks; Joel;Rafaela;DEF;800000
Sainz; Nicolás;Racing;DEF;1000000
Saja; Sebastián;Racing;ARQ;5800000
Salas; Franklin;Godoy Cruz;DEL;3800000
Salcedo; Santiago;Argentinos;DEL;4700000
Salgueiro; Juan;San Lorenzo;DEL;5200000
Salom; Carlos;All Boys;DEL;2000000
San Román; José;San Lorenzo;DEF;2600000
Sánchez Miño; Juan Manuel;Unión;VOL;600000
Sánchez; Fernando;All Boys;VOL;3000000
Sánchez; Guillermo;Olimpo;DEF;900000
Sánchez; Matías;Estudiantes;VOL;3000000
Sánchez; Nicolás;Godoy Cruz;DEF;4700000
Sánchez; Sergio;Godoy Cruz;VOL;1500000
Santagatti; Damián;Unión;DEF;600000
Santillo; Pablo;Banfield;ARQ;2500000
Sara; Guillermo;Rafaela;ARQ;3000000
Sarmiento; Brian;Racing;DEL;2000000
Sarmiento; Marcelo;Unión;VOL;3200000
Sarulyte; Matías;Estudiantes;DEF;1900000
Sauro; Gastón;Boca;DEF;1700000
Scaglia; Mauricio;Newell's;DEF;400000
Scheffer; Juan Pablo;Olimpo;DEF;1700000
Schiavi; Rolando;Boca;DEF;5500000
Segovia; Favio;Banfield;DEF;1600000
Sena; Sergio;Arsenal;VOL;3100000
Serrano; Walter;Rafaela;VOL;2700000
Sierra; Matías;Arsenal;VOL;600000
Sigali; Leonardo;Godoy Cruz;DEF;4600000
Sills; Juan Ignacio;Vélez;DEF;500000
Silva; Agustín;Estudiantes;ARQ;300000
Silva; Santiago;Vélez;DEL;13000000
Silvera; Andrés;Belgrano;DEL;6700000
Solignac; Luis;Banfield;DEL;2000000
Somoza; Leandro;Boca;VOL;4800000
Sosa; Diego;San Martín SJ;DEF;1300000
Sosa; Franco;Boca;DEF;4100000
Sosa; Sebastián;Boca;ARQ;3500000
Soto Torres; Matías;Unión;VOL;900000
Soto; Carlos;All Boys;DEF;2800000
Soto; Santiago;Colón;VOL;1200000
Sperduti; Mauricio;Newell's;VOL;5800000
Stefanatto; Darío;All Boys;VOL;2300000
Suárez; Gastón;Belgrano;VOL;300000
Suárez; Pedro;Unión;DEF;1000000
Tagliafico; Nicolás;Banfield;DEF;1700000
Tejera; Juan;Olimpo;DEF;2500000
Tellechea; Emiliano;San Lorenzo;VOL;3200000
Tobio; Fernando;Vélez;DEF;3600000
Toledo; Gustavo;Banfield;DEF;2200000
Tombolini; Laureano;Olimpo;ARQ;4000000
Tonso; Martín;Newell's;VOL;1700000
Toranzo; Patricio;Racing;VOL;6700000
Torassa; Agustín;All Boys;DEL;2700000
Torrén; Miguel;Argentinos;DEF;3000000
Torres; Adrián;Godoy Cruz;VOL;1300000
Torres; Aureliano;San Lorenzo;DEF;4500000
Torres; Bernardo;Belgrano;VOL;600000
Torres; Diego;Arsenal;DEL;2800000
Torrico; Sebastián;Godoy Cruz;ARQ;4800000
Trombetta; Cristian;Arsenal;DEF;2100000
Tula; Cristian;San Lorenzo;DEF;4800000
Tursi; Federico;Tigre;ARQ;300000
Turus; Gastón;Belgrano;DEF;2900000
Tuzzio; Eduardo;Independiente;DEF;5000000
Urribarri; Bruno;Colón;DEF;2900000
Urruti; Maximiliano;Newell's;DEL;1500000
Valdez; Matías;Lanús;DEF;1000000
Valencia; Carmelo;Newell's;DEL;3000000
Valeri; Diego;Lanús;VOL;8500000
Valle; Jonathan;Newell's;DEF;500000
Vallés; Gabriel;Independiente;DEF;2800000
Vangioni; Leonel;Newell's;VOL;3800000
Varela; Cristian;All Boys;DEF;2000000
Vázquez; Franco;Belgrano;VOL;3800000
Vega; David;Olimpo;VOL;3000000
Velasco; Maximiliano;Newell's;DEL;900000
Velázquez; Jorge;Unión;VOL;2900000
Velázquez; Julián;Independiente;DEF;3900000
Velázquez; Leandro;Vélez;VOL;2800000
Velázquez; Maximiliano;Independiente;DEF;3900000
Vélez; José;Independiente;DEF;3000000
Vella; Cristian;All Boys;DEF;2800000
Vera; Renzo;Unión;DEF;2600000
Vergini; Santiago;Newell's;DEF;3000000
Verón; Juan Sebastián;Estudiantes;VOL;12000000
Viatri; Lucas;Boca;DEL;5100000
Vidal; Sebastián;Unión;VOL;2900000
Vieyra; Juan;Newell's;VOL;600000
Villafáñez; Lucas;Independiente;VOL;2100000
Villalba; Hernán;Newell's;VOL;2200000
Villanueva; Cristian;Olimpo;DEF;1900000
Villar; Diego;Godoy Cruz;VOL;4600000
Villar; Justo;Estudiantes;ARQ;6500000
Viola; Valentín;Racing;DEL;1900000
Vitelli; Darío;Belgrano;DEF;300000
Vizcarrondo; Oswaldo;Olimpo;DEF;3700000
Voboril; Germán;Godoy Cruz;DEF;2500000
Vuletich; Agustín;Vélez;DEL;1000000
Wagner; Martín;San Martín SJ;VOL;3000000
Yacob; Claudio;Racing;VOL;4600000
Yacob; Walter;Unión;DEF;2000000
Zamponi; Rubén;San Martín SJ;DEF;2400000
Zapata; Duván;Estudiantes;DEL;1900000
Zapata; Martín;All Boys;VOL;2300000
Zapata; Víctor;Vélez;VOL;6200000
Zbrun; Martín;Rafaela;DEF;2500000
Zbrun; Matías;Rafaela;DEL;1500000
Zelaya; Emilio;Arsenal;DEL;4100000
Zuculini; Bruno;Racing;VOL;2100000
Zurbriggen; Santiago;Unión;DEF;1800000
